{
  "project_info": {
    "project_number": "434621396656",
    "firebase_url": "https://firstproject-d5fc5.firebaseio.com",
    "project_id": "firstproject-d5fc5",
    "storage_bucket": "firstproject-d5fc5.appspot.com"
  },
  "client": [
    {
      "client_info": {
        "mobilesdk_app_id": "1:434621396656:android:561c3822eb8768ded1ed75",
        "android_client_info": {
          "package_name": "com.beecable.plm_form"
        }
      },
      "oauth_client": [
        {
          "client_id": "434621396656-g3ire0dgm1p79hncf16it8gsooi9p350.apps.googleusercontent.com",
          "client_type": 3
        }
      ],
      "api_key": [
        {
          "current_key": "AIzaSyD-7wplaqsrAEjuux81V0cIvAtI2DxKTmI"
        }
      ],
      "services": {
        "appinvite_service": {
          "other_platform_oauth_client": [
            {
              "client_id": "434621396656-g3ire0dgm1p79hncf16it8gsooi9p350.apps.googleusercontent.com",
              "client_type": 3
            }
          ]
        }
      }
    }
  ],
  "configuration_version": "1"
}